{
    "id": 2,
    "width": 12,
    "height": 12,
    "spawn": { "x": 1, "y": 1 },
    "walls": [
        { "x": 0, "y": 0 }, { "x": 1, "y": 0 }, { "x": 2, "y": 0 }, { "x": 3, "y": 0 }, { "x": 4, "y": 0 }, { "x": 5, "y": 0 },
        { "x": 6, "y": 0 }, { "x": 7, "y": 0 }, { "x": 8, "y": 0 }, { "x": 9, "y": 0 }, { "x": 10, "y": 0 }, { "x": 11, "y": 0 },
        { "x": 0, "y": 1 }, { "x": 11, "y": 1 },
        { "x": 0, "y": 2 }, { "x": 3, "y": 2 }, { "x": 5, "y": 2 }, { "x": 11, "y": 2 },
        { "x": 0, "y": 3 }, { "x": 7, "y": 3 }, { "x": 11, "y": 3 },
        { "x": 0, "y": 4 }, { "x": 11, "y": 4 },
        { "x": 0, "y": 5 }, { "x": 2, "y": 5 }, { "x": 4, "y": 5 }, { "x": 6, "y": 5 }, { "x": 8, "y": 5 }, { "x": 10, "y": 5 }, { "x": 11, "y": 5 },
        { "x": 0, "y": 6 }, { "x": 11, "y": 6 },
        { "x": 0, "y": 7 }, { "x": 11, "y": 7 },
        { "x": 0, "y": 8 }, { "x": 3, "y": 8 }, { "x": 5, "y": 8 }, { "x": 7, "y": 8 }, { "x": 11, "y": 8 },
        { "x": 0, "y": 9 }, { "x": 11, "y": 9 },
        { "x": 0, "y": 10 }, { "x": 11, "y": 10 },
        { "x": 0, "y": 11 }, { "x": 1, "y": 11 }, { "x": 2, "y": 11 }, { "x": 3, "y": 11 }, { "x": 4, "y": 11 },
        { "x": 5, "y": 11 }, { "x": 6, "y": 11 }, { "x": 7, "y": 11 }, { "x": 8, "y": 11 }, { "x": 9, "y": 11 }, { "x": 10, "y": 11 }, { "x": 11, "y": 11 }
    ],
    "boxes": [
        { "x": 6, "y": 4 },
        { "x": 9, "y": 6 },
        { "x": 3, "y": 7 }
    ],
    "targets": [
        { "x": 2, "y": 8 },
        { "x": 8, "y": 9 },
        { "x": 4, "y": 6 }
    ]
}
