{
    "levels": [
      {
        "id": 1,
        "width": 10,
        "height": 7,
        "spawn": { "x": 2, "y": 1 },
        "walls": [
          { "x": 0, "y": 0 }, { "x": 1, "y": 0 }, { "x": 2, "y": 0 }, { "x": 3, "y": 0 }, { "x": 4, "y": 0 },
          { "x": 5, "y": 0 }, { "x": 6, "y": 0 }, { "x": 7, "y": 0 }, { "x": 8, "y": 0 }, { "x": 9, "y": 0 },
          { "x": 0, "y": 1 }, { "x": 9, "y": 1 },
          { "x": 0, "y": 2 }, { "x": 9, "y": 2 },
          { "x": 0, "y": 3 }, { "x": 9, "y": 3 },
          { "x": 0, "y": 4 }, { "x": 9, "y": 4 },
          { "x": 0, "y": 5 }, { "x": 9, "y": 5 },
          { "x": 0, "y": 6 }, { "x": 1, "y": 6 }, { "x": 2, "y": 6 }, { "x": 3, "y": 6 }, { "x": 4, "y": 6 },
          { "x": 5, "y": 6 }, { "x": 6, "y": 6 }, { "x": 7, "y": 6 }, { "x": 8, "y": 6 }, { "x": 9, "y": 6 }
        ],
        "boxes": [
          { "x": 3, "y": 2 },
          { "x": 7, "y": 4 }
        ],
        "objectives": [
          { "x": 4, "y": 3 },
          { "x": 6, "y": 5 }
        ]
      },
      {
        "id": 2,
        "width": 12,
        "height": 12,
        "spawn": {"x": 2, "y": 2},
        "walls": [
          {"x": 0, "y": 0},
          {"x": 3, "y": 3}
        ],
        "boxes": [
          {"x": 6, "y": 6},
          {"x": 7, "y": 7}
        ],
        "objectives": [
          {"x": 9, "y": 9},
          {"x": 10, "y": 10}
        ]
      },
      {
        "id": 3,
        "width": 8,
        "height": 8,
        "spawn": {"x": 3, "y": 3},
        "walls": [
          {"x": 1, "y": 1},
          {"x": 4, "y": 4}
        ],
        "boxes": [
          {"x": 2, "y": 2},
          {"x": 5, "y": 5}
        ],
        "objectives": [
          {"x": 6, "y": 6},
          {"x": 7, "y": 7}
        ]
      },
      {
        "id": 4,
        "width": 15,
        "height": 15,
        "spawn": {"x": 4, "y": 4},
        "walls": [
          {"x": 0, "y": 0},
          {"x": 1, "y": 1}
        ],
        "boxes": [
          {"x": 7, "y": 7},
          {"x": 8, "y": 8}
        ],
        "objectives": [
          {"x": 10, "y": 10},
          {"x": 11, "y": 11}
        ]
      },
      {
        "id": 5,
        "width": 6,
        "height": 6,
        "spawn": {"x": 2, "y": 2},
        "walls": [
          {"x": 0, "y": 0},
          {"x": 1, "y": 1}
        ],
        "boxes": [
          {"x": 3, "y": 3},
          {"x": 4, "y": 4}
        ],
        "objectives": [
          {"x": 5, "y": 5},
          {"x": 5, "y": 7}

        ]
      },
      {
        "id": 6,
        "width": 10,
        "height": 10,
        "spawn": {"x": 0, "y": 0},
        "walls": [
          {"x": 0, "y": 1},
          {"x": 0, "y": 2}
        ],
        "boxes": [
          {"x": 4, "y": 4},
          {"x": 5, "y": 5}
        ],
        "objectives": [
          {"x": 6, "y": 6},
          {"x": 3, "y": 8}
        ]
      }
    ]
  }
  