{        
    "id": 1,
    "width": 10,
    "height":7,
    "spawn":
        { "x": 2, "y": 1 },
    "walls": [
        { "x": 0, "y": 0 }, { "x": 1, "y": 0 },
        { "x": 2, "y": 0 }, { "x": 3, "y": 0 }, 
        { "x": 4, "y": 0 }, { "x": 5, "y": 0 },
        { "x": 6, "y": 0 }, { "x": 7, "y": 0 },
        { "x": 8, "y": 0 }, { "x": 9, "y": 0 },
        { "x": 0, "y": 1 }, { "x": 9, "y": 1 },
        { "x": 0, "y": 2 }, { "x": 9, "y": 2 },
        { "x": 0, "y": 3 }, { "x": 9, "y": 3 },
        { "x": 0, "y": 4 }, { "x": 9, "y": 4 },
        { "x": 0, "y": 5 }, { "x": 9, "y": 5 },
        { "x": 0, "y": 6 }, { "x": 1, "y": 6 },
        { "x": 2, "y": 6 }, { "x": 3, "y": 6 },
        { "x": 4, "y": 6 }, { "x": 5, "y": 6 },
        { "x": 6, "y": 6 }, { "x": 7, "y": 6 },
        { "x": 8, "y": 6 }, { "x": 9, "y": 6 }
    ],
    "boxes": [
        { "x": 3, "y": 2 },
        { "x": 7, "y": 4 }
    ],
    "targets": [
        { "x": 4, "y": 3 },
        { "x": 6, "y": 5 }
    ]
}